<?xml version="1.0" encoding="UTF-8" ?>
<!DOCTYPE mapper
    PUBLIC "-//mybatis.org//DTD Mapper 3.0//EN"
    "https://mybatis.org/dtd/mybatis-3-mapper.dtd">
<mapper namespace="btic.full502.board2.mapper.BoardMapper">

<!--  게시글 목록 -->
  <select id="selectBoardList" resultType="btic.full502.board2.dto.BoardDTO">
    SELECT board_idx, title, create_id, create_date, hit_cnt
    FROM t_board
    WHERE deleted_yn = 'N'
    ORDER BY board_idx DESC
  </select>

<!--  게시글 상세 보기 -->
<!--  1. int 타입의 매개변수를 받아와서 사용 -->
<!--  2. 반환값으로 BoardDTO 타입 사용 -->
  <select id="selectBoardDetail" resultType="btic.full502.board2.dto.BoardDTO">
    SELECT board_idx, title, contents, create_id, create_date, update_id, update_date, hit_cnt
    FROM t_board
    WHERE board_idx = #{boardIdx}
  </select>

<!--  게시글 등록하기 -->
<!--  1. BoardDTO 타입의 매개변수를 받아와서 사용 -->
<!--  2. 반환값 없음 -->
<!--  3. BoardDTO 타입의 필드명을 이용하여 SQL 쿼리문 완성 -->

<!--  useGeneratedKeys : 기본값 false, 해당 옵션을 true로 사용 시 자동 증가 옵션을 사용 가능 -->
<!--  keyProperty : useGeneratedKeys 옵션을 true 로 사용 시 자동 증가되는 번호를 지정한 컬럼값으로 반환받는 설정 -->
  <insert id="boardWrite" parameterType="btic.full502.board2.dto.BoardDTO" useGeneratedKeys="true" keyProperty="boardIdx">
    INSERT INTO t_board (title, contents, create_id, create_date)
    VALUES (#{title}, #{contents}, #{createId}, NOW())
  </insert>

<!--  첨부파일 등록하기 -->
<!--  파일을 서버에 업로드 시 실제 파일은 서버의 특정 폴더안에 저장하고, 저장한 파일명만 데이터베이스 저장 -->
<!--  데이터베이스에 업로드된 파일을 저장하게 되면 데이터베이스의 저장 효율이 떨어짐 -->
<!--  동시에 같은 이름의 파일이 업로드 될 가능성이 존재하므로 현재 시간을 기준으로하여 파일명을 수정해서 서버에 저장 -->
<!--  1. FileDTO 타입의 매개변수(List<FileDTO> 타입)를 받아와서 사용 -->
<!--  2. 반환값 없음 -->
<!--  3. FileDTO 타입의 필드명을 이용하여 SQL 쿼리문 완성 -->
<!--  4. foreach 태그를 사용하여 매개변수로 받아온 List<FileDTO> 의 내용을 반복 실행함 -->

<!--  <foreach> : mybatis 에서 제공하는 반복문, 해당 태그 아래에 있는 부분을 반복 실행함, 자바의 향상된 for 문과 같음 -->
<!--  collection : <foreach> 실행 시 반복 실행될 대상의 데이터 타입을 설정, array/list -->
<!--  item : <foreach> 실행 시 배열 혹은 리스트에서 꺼내온 데이터의 이름(변수명)을 설정 -->
<!--  separator : 데이터를 구분하는 기호를 설정, 주로 ' , ' 를 사용함 -->
  <insert id="insertBoardFileList" parameterType="btic.full502.board2.dto.FileDTO">
    INSERT INTO t_files (board_idx, original_file_name, stored_file_name, file_size, create_id, create_date)
    VALUES
    <foreach collection="list" item="item" separator=",">
      (#{item.boardIdx}, #{item.originalFileName}, #{item.storedFileName}, #{item.fileSize}, #{item.createId}, NOW())
    </foreach>
  </insert>

<!--  다운로드할 파일 정보 가져오기 -->
<!--  1. 게시물 번호와 파일 번호를 Map 타입으로 가져옴 -->
<!--  2. FileDTO 타입으로 반환 -->
<!--  3. 매개변수로 받아온 데이터를 사용하여 SQL 실행 -->
  <select id="selectBoardFileInfo" resultType="btic.full502.board2.dto.FileDTO" parameterType="map">
    SELECT file_idx, board_idx, original_file_name, stored_file_name, file_size, create_id, create_date, update_id, update_date
    FROM t_files
    WHERE file_idx = #{fileIdx}
    AND board_idx = #{boardIdx}
  </select>

<!--  첨부파일 목록 가져오기 -->
<!--  1. 게시물 번호를 가져옴 -->
<!--  2. List<FileDTO> 타입으로 반환 -->
<!--  3. 게시물 번호를 사용하여 SQL 실행 -->
  <select id="selectBoardFileList" resultType="btic.full502.board2.dto.FileDTO" parameterType="int">
    SELECT file_idx, board_idx, original_file_name, stored_file_name,
      FORMAT(ROUND(file_size / 1024), 0) AS file_size, create_id, create_date, update_id, update_date
    FROM t_files
    WHERE board_idx = #{boardIdx}
  </select>

</mapper>










