<?xml version="1.0" encoding="UTF-8" ?>
<!DOCTYPE mapper
  PUBLIC "-//mybatis.org//DTD Mapper 3.0//EN"
  "https://mybatis.org/dtd/mybatis-3-mapper.dtd">
<mapper namespace="bitc.full502.board3.mapper.BoardMapper">

  <select id="selectBoardList" resultType="bitc.full502.board3.dto.BoardDTO">
    SELECT board_idx, title, create_id, create_date, hit_cnt
    FROM t_board
    WHERE deleted_yn = 'N'
    ORDER BY board_idx DESC
  </select>

  <select id="selectBoardDetail" resultType="bitc.full502.board3.dto.BoardDTO" parameterType="int">
    SELECT board_idx, title, contents, create_id, create_date, update_id, update_date, hit_cnt
    FROM t_board
    WHERE board_idx = #{boardIdx}
    AND deleted_yn = 'N'
  </select>

  <insert id="boardInsert" parameterType="bitc.full502.board3.dto.BoardDTO">
    INSERT INTO t_board (title, contents, create_id, create_date)
    VALUES (#{title}, #{contents}, #{createId}, NOW())
  </insert>

  <update id="boardUpdate" parameterType="bitc.full502.board3.dto.BoardDTO">
    UPDATE t_board
    SET title = #{title}, contents = #{contents}, update_id = #{updateId}, update_date = NOW()
    WHERE board_idx = #{boardIdx}
  </update>

  <update id="boardDelete" parameterType="int">
    UPDATE t_board
    SET deleted_yn = 'Y'
    WHERE board_idx = #{boardIdx}
  </update>

  <update id="updateHitCnt" parameterType="int">
    UPDATE t_board
    SET hit_cnt = hit_cnt + 1
    WHERE board_idx = #{boardIdx}
  </update>
</mapper>









